{
  "description": "项目配置文件",
  "packOptions": {
    "ignore": [],
    "include": []
  },
  "miniprogramRoot": "miniprogram/",
  "compileType": "miniprogram",
  "projectname": "ts-demo",
  "setting": {
    "useCompilerPlugins": [
      "typescript"
    ],
    "babelSetting": {
      "ignore": [],
      "disablePlugins": [],
      "outputPath": ""
    }
  },
  "simulatorType": "wechat",
  "simulatorPluginLibVersion": {},
  "condition": {},
  "srcMiniprogramRoot": "miniprogram/",
  "appid": "wxba92e34da68b5aeb",
  "libVersion": "2.27.3",
  "editorSetting": {
    "tabIndent": "insertSpaces",
    "tabSize": 2
  }
}